id,grade,kanji,rad
1,1,一,一
2,1,二,二
3,1,三,一 二
4,1,四,儿 囗
5,1,五,一 二 五
6,1,六,ハ 亠
7,1,七,乙 匕 ノ
8,1,八,ハ
9,1,九,九
10,1,十,十
11,1,百,一 白
12,1,千,ノ 十
13,1,日,日
14,1,月,月
15,1,火,火
16,1,水,水
17,1,木,木
18,1,金,金
19,1,土,土
20,1,下,｜ 一 卜
21,1,上,一 卜
22,1,左,ノ 一 工
23,1,右,ノ 一 口
24,1,大,大
25,1,中,｜ 口
26,1,小,小
27,1,手,手
28,1,足,口 足
29,1,目,目
30,1,耳,耳
31,1,口,囗 口
32,1,人,人
33,1,子,子
34,1,女,女
35,1,男,田 力
36,1,名,口 夕
37,1,年,ノ 一 干
38,1,山,山
39,1,川,川
40,1,森,木
41,1,林,木
42,1,田,田
43,1,空,穴 工 儿 宀
44,1,雨,雨
45,1,天,一 大
46,1,気,气 丶 ノ
47,1,夕,夕
48,1,花,⺅ 匕 ⺾
49,1,草,十 日 ⺾
50,1,竹,竹
51,1,犬,犬 大 丶
52,1,虫,虫
53,1,貝,貝 目 ハ
54,1,石,口 石
55,1,王,王
56,1,玉,王 丶
57,1,力,力
58,1,糸,糸 幺 小
59,1,車,車
60,1,音,音 日 立
61,1,学,子 ⺌ 冖
62,1,校,父 木 亠
63,1,先,ノ 土 儿
64,1,生,生
65,1,字,子 宀
66,1,文,文
67,1,本,一 木
68,1,村,寸 木
69,1,町,一 田 亅
70,1,白,白
71,1,赤,赤 土
72,1,青,月 青 土 二 亠
73,1,円,冂 亠 一 ｜
74,1,正,一 止
75,1,早,十 日
76,1,入,入
77,1,出,｜ 山
78,1,立,立
79,1,休,⺅ 木
80,1,見,見 目 儿
81,2,春,一 二 日 人
82,2,夏,一 自 夂
83,2,秋,火 禾
84,2,冬,夂 丶 攵
85,2,光,一 ⺌ 儿
86,2,風,風 冂 虫 ノ
87,2,晴,月 青 土 二 日 亠
88,2,雲,一 雨 二 厶
89,2,雪,ヨ 雨
90,2,朝,月 十 日
91,2,昼,一 日 尸 丶
92,2,夜,⺅ 夕 亠
93,2,午,ノ 干 十
94,2,明,月 日
95,2,星,生 日
96,2,野,矛 里 亅
97,2,原,小 白 厂
98,2,岩,口 山 石
99,2,谷,口 谷 ハ 𠆢
100,2,海,氵 母 毋
101,2,池,氵 也
102,2,公,ハ 厶
103,2,園,衣 口 土 囗
104,2,西,西
105,2,南,干 十 并 冂
106,2,東,｜ 一 日 木 田
107,2,北,匕 爿
108,2,時,寸 土 日
109,2,分,刀 ハ
110,2,週,口 辶 土 冂
111,2,曜,ヨ 日 隹
112,2,今,𠆢 一
113,2,元,二 儿 元
114,2,間,日 門
115,2,親,見 十 辛 并 木 立 亠
116,2,母,母 毋
117,2,兄,口 儿
118,2,父,父
119,2,弟,｜ ノ 弓 并
120,2,姉,巾 女 亠
121,2,妹,｜ 女 二 ハ 木 亠
122,2,自,自
123,2,友,ノ 一 又
124,2,体,木 一 ⺅
125,2,毛,毛
126,2,頭,貝 目 ハ 口 豆 并 頁
127,2,顔,貝 目 ハ 頁 立 亠 厂 彡
128,2,声,士 尸
129,2,心,心
130,2,首,自 首 并 目
131,2,思,心 田
132,2,考,⺹ 勹
133,2,才,ノ 一 亅
134,2,言,言
135,2,記,言 已
136,2,話,言 口 舌
137,2,書,日 聿
138,2,読,言 士 儿 冖
139,2,聞,耳 門
140,2,語,一 言 口 五
141,2,算,竹 目 廾
142,2,国,王 囗 丶
143,2,数,女 米 攵 夂
144,2,理,王 里
145,2,科,禾 斗
146,2,社,土 礻
147,2,会,二 𠆢 厶
148,2,図,斗 囗
149,2,画,一 田 凵
150,2,工,工
151,2,作,｜ ノ ⺅
152,2,歌,欠 口 亅
153,2,絵,糸 幺 小 二 𠆢 厶
154,2,楽,白 木 冫
155,2,色,色 巴 勹
156,2,紙,氏 糸 幺 小
157,2,黄,黄 田 ハ
158,2,黒,黒 里 灬
159,2,形,廾 彡 ノ
160,2,点,口 卜 灬
161,2,丸,九 丶
162,2,線,糸 幺 小 水 白
163,2,合,口 𠆢 一
164,2,直,十 目 ｜ 一
165,2,角,角 勹 月 ｜
166,2,計,言 十
167,2,何,⺅ 口 亅
168,2,答,口 竹 𠆢
169,2,電,雨 田 乙
170,2,教,子 ⺹ 攵
171,2,知,口 矢
172,2,万,｜ ノ 一
173,2,毎,母 毋
174,2,回,口 囗
175,2,番,田 釆 米
176,2,半,｜ 二 并 十
177,2,当,ヨ ⺌
178,2,組,一 糸 幺 小 目
179,2,交,父 亠
180,2,通,辶 用 マ
181,2,道,辶 自 并 首
182,2,場,土 日 勿
183,2,地,土 也
184,2,方,方
185,2,京,口 小 亠
186,2,市,巾 亠
187,2,里,里
188,2,寺,寸 土
189,2,店,口 卜 广
190,2,家,宀 豕
191,2,門,門
192,2,室,至 土 厶 宀
193,2,戸,戸 一 尸
194,2,台,口 厶
195,2,汽,氵 气
196,2,船,口 舟 ハ
197,2,弓,弓
198,2,矢,ノ 大 一 矢
199,2,刀,刀
200,2,馬,馬
201,2,魚,魚 田 灬
202,2,牛,牛
203,2,鳥,鳥 灬
204,2,鳴,口 鳥 灬
205,2,羽,羽 冫
206,2,肉,肉 冂 人
207,2,米,米
208,2,麦,麦 夂
209,2,茶,𠆢 ⺾ 木
210,2,食,食
211,2,活,ノ 口 十 氵 舌
212,2,用,用
213,2,前,一 刂 月 并
214,2,後,夂 幺 彳
215,2,内,人 冂
216,2,外,卜 夕
217,2,遠,衣 口 辶 土
218,2,近,斤 辶
219,2,多,夕
220,2,少,ノ 小
221,2,古,口 十
222,2,新,斤 十 辛 并 木 立 亠
223,2,太,大 丶
224,2,細,糸 幺 小 田
225,2,強,弓 虫 厶
226,2,弱,弓 冫
227,2,長,長
228,2,高,口 高 亠 冂
229,2,広,厶 广
230,2,同,口 冂 一
231,2,歩,ノ 止 小
232,2,走,走 土
233,2,行,行 彳
234,2,来,｜ 二 米 亠 木
235,2,帰,ヨ 刂 巾 冖
236,2,止,止
237,2,売,士 儿 冖
238,2,買,貝 目 ハ 罒
239,2,引,｜ 弓
240,2,切,刀 匕
241,3,悪,｜ 一 口 心
242,3,安,女 宀
243,3,暗,音 日 立
244,3,医,矢 匚
245,3,委,禾 女
246,3,意,音 心 日 立
247,3,育,月 亠 厶
248,3,員,貝 目 ハ 口
249,3,院,二 儿 宀 ⻖ 元
250,3,飲,欠 食
251,3,運,辶 車 冖
252,3,泳,氵 水 丶
253,3,駅,馬 尸
254,3,央,ノ 一 大 冖
255,3,横,｜ 黄 田 二 日 ハ 木 廾
256,3,屋,至 土 厶 尸
257,3,温,皿 氵 日
258,3,化,⺅ 匕
259,3,荷,⺅ 口 亅 ⺾ 一
260,3,界,田 𠆢 儿
261,3,開,一 門 廾
262,3,階,白 比 ⻖
263,3,寒,一 ハ 宀 丶 井
264,3,感,ノ 口 心 戈
265,3,漢,氵 ⺾ 口 一 大
266,3,館,口 食 宀
267,3,岸,干 山 厂
268,3,起,走 土 已
269,3,究,穴 九 儿 宀
270,3,期,甘 月 ハ
271,3,客,口 夂 宀
272,3,急,ヨ 心 勹
273,3,級,ノ 糸 幺 小 及
274,3,宮,口 宀
275,3,球,王 水 丶
276,3,去,土 厶
277,3,橋,ノ 口 木 冂
278,3,業,｜ 一 王 并 木 羊 耒
279,3,曲,｜ 日
280,3,局,口 尸
281,3,銀,金 艮
282,3,区,匚 丶 ノ
283,3,苦,口 十 ⺾
284,3,係,ノ ⺅ 糸 幺 小
285,3,具,一 ハ 目
286,3,君,一 口 ノ
287,3,軽,車 土 又
288,3,血,血 皿
289,3,決,氵 人 大 二
290,3,研,｜ 口 石 亅 廾 ノ
291,3,県,小 目
292,3,庫,車 广
293,3,湖,月 口 十 氵
294,3,向,口 冂
295,3,幸,十 辛 立 亠
296,3,港,氵 ハ 已 井
297,3,号,一 口 勹
298,3,根,艮 木
299,3,祭,示 二 小 𠆢 癶
300,3,皿,皿
301,3,仕,⺅ 士
302,3,死,一 夕 匕 歹
303,3,使,ノ 一 ⺅ 口
304,3,始,口 女 厶
305,3,指,日 匕 扌
306,3,歯,止 歯 米 凵
307,3,詩,言 寸 土
308,3,次,欠 冫
309,3,事,一 口 亅 ヨ
310,3,持,寸 土 扌
311,3,式,工 弋
312,3,実,士 大 宀
313,3,写,一 冖 勹
314,3,者,日 ⺹
315,3,主,王 丶
316,3,守,寸 宀
317,3,取,耳 又
318,3,酒,氵 酉
319,3,受,爪 又 冖
320,3,州,｜ 川 丶
321,3,拾,口 𠆢 扌
322,3,終,糸 幺 小 夂
323,3,習,羽 白 冫
324,3,集,木 隹
325,3,住,王 ⺅ 丶
326,3,重,｜ ノ 一 日 里
327,3,宿,⺅ 白 宀
328,3,所,斤 戸 一 尸
329,3,暑,日 ⺹
330,3,助,目 力
331,3,昭,口 刀 日
332,3,消,月 氵 ⺌
333,3,商,口 并 立 亠 儿 冂
334,3,章,音 十 日 立
335,3,勝,月 人 大 二 并 力
336,3,乗,｜ ノ 一 禾 ハ
337,3,植,十 木 目
338,3,申,｜ 日 田
339,3,身,身
340,3,神,｜ 日 礻 田
341,3,真,一 十 ハ 目
342,3,深,氵 木 儿 冖
343,3,進,辶 隹
344,3,世,｜ 一 世
345,3,昔,｜ 一 二 日
346,3,全,王 ハ 𠆢
347,3,整,｜ 一 口 止 木 攵
348,3,相,木 目
349,3,送,辶 并 大 一
350,3,想,心 木 目
351,3,息,自 心
352,3,速,｜ 一 口 辶 ハ 木
353,3,族,方 矢
354,3,他,⺅ 也
355,3,打,亅 扌
356,3,対,寸 文
357,3,待,寸 土 彳
358,3,代,⺅ 弋
359,3,第,弓 竹
360,3,炭,火 山 厂
361,3,短,口 豆 并 矢
362,3,題,貝 目 ハ 日 疋 頁
363,3,談,火 言
364,3,着,ノ 王 并 目 羊
365,3,注,王 氵 丶
366,3,柱,王 木 丶
367,3,丁,一 亅
368,3,帳,巾 長
369,3,調,言 口 土 冂
370,3,追,｜ 口 辶
371,3,定,疋 宀
372,3,庭,王 广 廴
373,3,笛,｜ 竹 日 田
374,3,都,日 ⻏ ⺹
375,3,鉄,ノ 金 二 矢 大
376,3,転,車 二 厶
377,3,度,又 广 一 凵
378,3,投,扌 殳 几 又
379,3,豆,口 豆 并
380,3,島,山 鳥 白
381,3,湯,｜ 一 氵 日 勿
382,3,登,口 豆 并 癶
383,3,等,寸 竹 土
384,3,動,｜ 一 日 力 里
385,3,童,里 立
386,3,農,｜ 衣 一 辰 日 厂
387,3,波,氵 皮 又
388,3,配,酉 已
389,3,畑,火 田
390,3,倍,⺅ 口 立
391,3,箱,竹 木 目
392,3,発,二 儿 癶
393,3,反,又 厂
394,3,坂,土 又 厂
395,3,板,又 木 厂
396,3,皮,皮 又
397,3,悲,心 非
398,3,美,王 大 并 羊
399,3,鼻,自 田 廾 鼻
400,3,筆,竹 聿
401,3,氷,水 丶
402,3,表,衣 士
403,3,秒,ノ 禾 小
404,3,病,一 人 冂 疒
405,3,品,口 品
406,3,負,貝 目 ハ 勹
407,3,部,口 ⻏ 立
408,3,服,月 又 卩
409,3,福,一 口 田 礻
410,3,物,勿 牛 勹
411,3,平,干 并
412,3,返,辶 又 厂
413,3,勉,力 免 儿
414,3,放,方 攵
415,3,味,｜ 口 二 ハ 木 亠
416,3,命,口 𠆢 卩 一
417,3,面,面
418,3,問,口 門
419,3,役,彳 殳 几 又
420,3,薬,日 木 冫 ⺾
421,3,由,｜ 日 田
422,3,油,｜ 氵 日 田
423,3,有,ノ 一 月
424,3,遊,辶 子 方
425,3,予,マ 一 亅
426,3,羊,王 并 羊
427,3,洋,王 氵 并 羊
428,3,葉,木 世 ⺾
429,3,陽,一 日 勿 ⻖
430,3,様,王 水 并 木 羊
431,3,落,口 氵 夂 ⺾
432,3,流,氵 川 亠 厶
433,3,旅,ノ 方
434,3,両,｜ 一 冂 山
435,3,緑,ヨ 糸 幺 小 水 隶
436,3,礼,乙 礻
437,3,列,刂 歹
438,3,練,｜ 糸 幺 小 日 ハ 木 田
439,3,路,口 足 夂
440,3,和,禾 口
441,4,愛,心 爪 冖 夂
442,4,案,女 木 宀
443,4,以,｜ 人 丶
444,4,衣,衣 亠
445,4,位,⺅ 立
446,4,囲,囗 井
447,4,胃,月 田
448,4,印,｜ 卩
449,4,英,ノ ⺾ 大
450,4,栄,⺌ 木 冖
451,4,塩,口 皿 土
452,4,億,音 ⺅ 心 日 立
453,4,加,口 力
454,4,果,｜ 田 木
455,4,課,言 田 木
456,4,芽,牙 ⺾
457,4,貨,⺅ 貝 目 ハ 匕
458,4,改,已 攵
459,4,械,木 廾 戈
460,4,害,口 土 亠 宀
461,4,街,行 土 彳
462,4,各,口 夂 攵
463,4,覚,見 ⺌ 冖
464,4,完,二 儿 宀 元
465,4,官,口 宀
466,4,管,口 竹 宀
467,4,関,人 大 二 ハ 門 并
468,4,観,見 隹 矢
469,4,季,禾 子
470,4,願,貝 目 ハ 小 白 頁 厂
471,4,希,ノ 一 巾
472,4,紀,糸 幺 小 已
473,4,喜,口 士 豆 并
474,4,旗,甘 ハ 方
475,4,器,口 大
476,4,機,ノ 木 丶 幺 戈
477,4,議,一 王 言 并 羊 亅 戈 手
478,4,求,一 水 丶
479,4,泣,氵 立
480,4,救,水 丶 攵
481,4,給,口 糸 幺 小 𠆢
482,4,挙,手 ⺌ ハ
483,4,漁,魚 氵 田 灬
484,4,鏡,音 金 日 立 儿
485,4,共,ハ ｜ 一 二
486,4,協,十 力
487,4,競,口 立 儿
488,4,極,口 又 木 一
489,4,訓,言 川
490,4,軍,車 冖
491,4,郡,一 口 ⻏ ノ
492,4,径,土 又 彳
493,4,型,刂 土 廾 ノ
494,4,景,口 小 日 亠
495,4,芸,二 厶 ⺾
496,4,欠,欠 勹 人
497,4,結,口 士 糸 幺 小
498,4,建,廴 聿
499,4,固,口 十 囗
500,4,健,⺅ 廴 聿
501,4,験,口 人 馬 𠆢
502,4,功,工 力
503,4,好,子 女
504,4,候,｜ ⺅ 矢
505,4,航,舟 亠 几
506,4,康,ヨ 水 广 隶
507,4,告,ノ 口 土
508,4,差,ノ 王 工 并 羊
509,4,菜,爪 木 ⺾
510,4,最,一 耳 日 又
511,4,材,ノ 一 木 亅
512,4,昨,｜ ノ 日
513,4,札,乙 木
514,4,刷,刂 巾 尸
515,4,察,ノ 示 二 小 宀 癶
516,4,参,一 厶 彡
517,4,殺,木 殳 ノ 丶 几 又
518,4,産,ノ 生 并 立 亠 厂
519,4,散,｜ 月 攵
520,4,残,ノ 毛 丶 歹
521,4,士,士
522,4,氏,氏
523,4,史,ノ 口
524,4,司,一 口 亅
525,4,試,言 工 弋
526,4,児,｜ 日 儿
527,4,治,口 氵 厶
528,4,辞,口 十 辛 舌 立
529,4,種,｜ 禾 日 里
530,4,失,ノ 人 二 大
531,4,借,⺅ 日
532,4,周,口 土 冂
533,4,祝,口 礻 儿
534,4,順,貝 目 ハ 川 頁
535,4,初,衤 刀
536,4,松,ハ 木 厶
537,4,笑,禾 竹 大
538,4,唱,口 日
539,4,焼,火 十 儿
540,4,象,勹 豕 口 一
541,4,照,口 刀 日 灬
542,4,賞,貝 目 ハ 口 ⺌ 冖
543,4,臣,臣 匚
544,4,省,ノ 小 目
545,4,信,⺅ 言
546,4,成,ノ 戈
547,4,清,月 氵 青 土 二 亠
548,4,静,月 青 土 亅 亠 勹 ヨ
549,4,席,巾 广
550,4,積,禾 貝 目 ハ 土 亠
551,4,折,斤 扌
552,4,節,艮 竹 卩
553,4,説,言 口 并 儿
554,4,浅,ノ 氵 毛 丶
555,4,戦,十 ⺌ 田 戈
556,4,選,｜ 辶 二 ハ 已
557,4,然,犬 夕 灬
558,4,争,ヨ 一 亅 勹
559,4,倉,ノ 口 𠆢
560,4,巣,⺌ 田 木
561,4,束,｜ 一 口 ハ 木
562,4,側,⺅ 貝 目 ハ 刂
563,4,続,士 糸 幺 小 儿 冖
564,4,卒,十 人 亠
565,4,孫,ノ 子 糸 幺 小
566,4,帯,｜ 一 巾 冖
567,4,隊,并 豕 ⻖
568,4,達,王 辶 土 并 羊
569,4,単,十 ⺌ 田
570,4,置,十 罒 目 一 ｜
571,4,仲,｜ ⺅ 口
572,4,貯,一 貝 目 ハ 亅 宀
573,4,兆,儿 冫
574,4,腸,一 月 日 勿
575,4,底,氏 广
576,4,停,⺅ 口 亅 亠 冖
577,4,低,⺅ 氏
578,4,的,白 丶 勹
579,4,典,｜ 一 日 ハ
580,4,伝,⺅ 二 厶
581,4,徒,走 土 彳
582,4,努,女 又 力
583,4,灯,一 火 亅
584,4,堂,口 ⺌ 土 冖
585,4,働,｜ 一 ⺅ 力 日
586,4,特,牛 寸 土
587,4,得,寸 日 彳 一
588,4,毒,土 母 亠 毋
589,4,熱,土 九 丶 儿 灬
590,4,敗,貝 目 ハ 攵
591,4,梅,母 木 毋
592,4,念,｜ 一 心 𠆢
593,4,博,十 寸 田 丶
594,4,飯,食 又 厂
595,4,飛,飛
596,4,費,｜ 貝 目 ハ 弓
597,4,必,ノ 心
598,4,票,示 二 小 西
599,4,標,示 二 小 西 木
600,4,不,｜ ノ 一 丶
601,4,夫,人 二 大
602,4,付,⺅ 寸
603,4,府,⺅ 寸 广
604,4,兵,一 斤 ハ
605,4,副,一 刂 口 田
606,4,粉,刀 并 米 ハ
607,4,別,刂 口 力
608,4,辺,辶 刀
609,4,変,亠 夂
610,4,便,｜ ノ 一 ⺅ 日 田
611,4,包,勹 已
612,4,法,氵 土 厶
613,4,望,王 亡 月
614,4,牧,牛 攵
615,4,末,｜ 一 ハ 木 亠
616,4,満,｜ 一 氵 二 冂 山
617,4,未,｜ 二 ハ 木 亠
618,4,脈,斤 月 厂
619,4,約,糸 幺 小 丶 勹
620,4,民,口 氏
621,4,無,｜ ノ 一 灬 無
622,4,勇,田 力 マ
623,4,要,女 西
624,4,養,王 食 并 羊
625,4,浴,口 氵 谷 ハ 𠆢
626,4,利,禾 刂
627,4,陸,土 儿 ⻖
628,4,良,艮
629,4,料,斗 米
630,4,量,一 日 里
631,4,輪,｜ 一 車 𠆢 冊
632,4,類,貝 目 ハ 大 米 頁
633,4,令,𠆢 卩 一
634,4,歴,止 麻 木 厂 广
635,4,冷,𠆢 冫 卩 一
636,4,例,⺅ 刂 歹
637,4,連,辶 車
638,4,老,⺹
639,4,労,⺌ 力 冖
640,4,録,ヨ 金 水 隶
641,5,圧,土 厂
642,5,移,禾 夕
643,5,因,大 囗
644,5,永,水 丶
645,5,営,口 ⺌ 冖
646,5,衛,口 行 彳 韋
647,5,易,日 勿 勹
648,5,益,一 皿 ハ 并
649,5,液,⺅ 氵 亠 攵 夕
650,5,演,氵 田 ハ 宀
651,5,応,心 广
652,5,往,王 丶 彳
653,5,桜,女 ⺌ 木
654,5,恩,心 大 囗
655,5,可,一 口 亅
656,5,仮,⺅ 又 厂
657,5,価,⺅ 西
658,5,河,口 氵 亅 一
659,5,過,口 辶 冂
660,5,賀,貝 目 ハ 口 力
661,5,快,人 大 二 忄
662,5,解,角 牛 刀
663,5,格,口 木 夂
664,5,確,口 石 宀 隹
665,5,額,貝 目 ハ 口 頁 夂 宀
666,5,刊,刂 干
667,5,眼,艮 目
668,5,幹,干 十 日 𠆢
669,5,慣,貝 目 ハ 母 忄 毋
670,5,基,一 甘 土 ハ
671,5,寄,一 口 大 亅 宀
672,5,規,見 土 大
673,5,技,支 扌 又 十
674,5,義,一 王 并 羊 亅 戈 手
675,5,逆,辶 并 屮
676,5,久,ノ 入 久
677,5,旧,｜ 日
678,5,居,口 十 尸
679,5,許,ノ 干 言 十
680,5,境,音 土 日 立 儿
681,5,均,土 冫 勹 二
682,5,句,口 勹
683,5,群,一 王 口 并 羊 ノ
684,5,禁,示 二 小 木
685,5,経,糸 幺 小 土 又
686,5,潔,糸 幺 小 氵 土 刀 亠
687,5,件,⺅ 牛
688,5,券,一 人 大 刀 二 并
689,5,険,口 人 𠆢 ⻖
690,5,検,口 人 木 𠆢
691,5,限,艮 ⻖
692,5,現,王 見
693,5,減,口 氵 亅 戈
694,5,故,口 十 攵
695,5,個,⺅ 口 十 囗
696,5,効,父 力 亠
697,5,厚,子 日 厂
698,5,護,言 又 ⺾ 隹
699,5,耕,｜ 土 ハ 木 亅 耒 井
700,5,鉱,金 厶 广
701,5,構,木 冂 一 十
702,5,興,臼 口 ハ 冂 一
703,5,講,言 冂 一 十
704,5,混,氵 日 比
705,5,査,一 木 目
706,5,再,｜ 一 冂 王
707,5,災,火 巛
708,5,妻,｜ ヨ 一 女
709,5,採,爪 木 扌
710,5,際,ノ 示 二 小 癶 ⻖
711,5,在,｜ ノ 一 土
712,5,財,ノ 一 貝 目 ハ 亅
713,5,罪,罒 非
714,5,雑,木 隹 九
715,5,酸,酉 儿 厶 夂
716,5,賛,貝 目 ハ 人 大 二 亠
717,5,支,支 十 又
718,5,志,士 心
719,5,枝,支 木 十 又
720,5,師,｜ 一 巾 口
721,5,資,貝 目 ハ 欠 冫
722,5,飼,口 艮 亅 𠆢 食
723,5,識,音 言 日 立 戈
724,5,示,示 二 小
725,5,似,⺅ 人 丶
726,5,質,貝 目 ハ 斤
727,5,舎,口 土 𠆢
728,5,謝,言 身 寸
729,5,授,爪 又 冖 扌
730,5,修,｜ ⺅ 彡 攵
731,5,述,辶 十 丶 木
732,5,術,行 十 丶 彳 木
733,5,準,十 氵 隹
734,5,序,子 广 亅
735,5,招,口 刀 扌
736,5,承,ノ 二 亅 手
737,5,状,犬 爿
738,5,証,一 言 止
739,5,条,木 夂 攵
740,5,常,巾 口 ⺌ 冖
741,5,情,月 青 土 二 忄 亠
742,5,織,音 糸 幺 小 日 立 戈
743,5,職,音 耳 日 立 戈
744,5,制,ノ 刂 牛 巾 二
745,5,性,生 忄
746,5,政,一 止 攵
747,5,勢,土 力 丶 儿 九
748,5,精,月 青 土 二 米 亠
749,5,製,衣 刂 牛 巾
750,5,税,禾 口 并 儿
751,5,責,貝 目 ハ 土 亠
752,5,接,女 立 扌
753,5,設,言 殳 几 又
754,5,績,貝 目 ハ 糸 幺 小 土 亠
755,5,舌,口 舌
756,5,絶,糸 幺 小 色
757,5,銭,ノ 金 毛 丶
758,5,祖,一 目 礻
759,5,素,糸 幺 小 土 亠
760,5,総,糸 幺 小 心 ハ 厶
761,5,造,ノ 口 辶 土
762,5,像,⺅ 勹 豕 口 一
763,5,増,田 土 日 并
764,5,則,貝 目 ハ 刂
765,5,測,貝 目 ハ 刂 氵
766,5,属,ノ 尸 禸
767,5,率,玄 十 亠 冫 幺
768,5,損,貝 目 ハ 口 扌
769,5,退,辶 艮
770,5,貸,⺅ 貝 目 ハ 弋
771,5,態,月 心 匕 厶
772,5,団,寸 囗
773,5,断,斤 米 ｜ 一
774,5,築,工 竹 木 丶 几
775,5,張,弓 長
776,5,提,日 疋 扌
777,5,程,王 禾 口
778,5,適,口 辶 十 并 立 亠 冂 滴
779,5,敵,口 十 并 立 亠 冂 攵 滴
780,5,統,糸 幺 小 亠 儿 厶
781,5,銅,金 口 冂 一
782,5,導,辶 自 寸 并
783,5,徳,十 心 罒 彳
784,5,独,虫 犭
785,5,任,ノ 王 ⺅ 士
786,5,燃,火 犬 夕 灬
787,5,能,月 匕 厶
788,5,破,口 石 皮 又
789,5,犯,乙 犭 卩
790,5,判,｜ 刂 二 并 十
791,5,版,片 又 厂
792,5,比,比
793,5,肥,月 巴
794,5,非,非
795,5,備,⺅ 用 厂 ⺾
796,5,俵,衣 ⺅ 士
797,5,評,｜ 一 言 二 并
798,5,貧,貝 目 刀 ハ
799,5,布,ノ 一 巾
800,5,婦,ヨ 巾 女 冖
801,5,富,口 田 宀
802,5,武,止 弋
803,5,復,日 夂 彳
804,5,複,衤 日 夂
805,5,仏,⺅ 厶
806,5,編,｜ 一 戸 糸 幺 小 冂 冊 尸
807,5,墓,大 土 日 ⺾
808,5,弁,厶 廾
809,5,保,⺅ 口 木
810,5,報,十 辛 土 又 立 亠 卩
811,5,豊,｜ 一 口 豆 日 并
812,5,防,方 ⻖
813,5,貿,貝 目 ハ 刀 厶
814,5,暴,｜ 一 水 二 日 ハ 井
815,5,務,矛 力 夂
816,5,夢,罒 夕 冖 ⺾
817,5,迷,辶 米
818,5,綿,巾 糸 幺 小 白
819,5,輸,刂 月 車 𠆢
820,5,余,一 二 ハ 𠆢 亅 示 二 小
821,5,預,貝 目 ハ 欠 マ 一 亅 頁
822,5,容,穴 口 谷 ハ 𠆢 宀
823,5,略,口 田 夂
824,5,留,田 刀 厶
825,5,領,貝 目 ハ 頁 𠆢 卩
826,6,異,一 田 ハ 井
827,6,遺,一 貝 目 ハ 辶 口
828,6,域,口 土 戈
829,6,宇,干 亅 宀
830,6,映,ノ 日 大
831,6,延,一 止 廴
832,6,沿,口 氵 ハ
833,6,我,亅 戈 手
834,6,灰,火 厂
835,6,拡,厶 广 扌
836,6,革,革 廾 口 十
837,6,閣,口 門 夂
838,6,株,牛 木
839,6,干,干 十 一
840,6,割,刂 口 土 宀 亠
841,6,巻,大 二 并 已
842,6,看,ノ 一 手 二 目
843,6,簡,竹 日 門
844,6,危,勹 厂 卩
845,6,机,木 几
846,6,揮,車 冖 扌
847,6,貴,｜ 一 貝 目 ハ 口
848,6,疑,疋 矢 匕 マ
849,6,吸,ノ 口 及
850,6,郷,艮 ⻏ 幺
851,6,供,｜ 一 ⺅ 二 ハ
852,6,胸,月 凵 勹 ノ 丶
853,6,勤,土 力 ⺾ 口
854,6,筋,月 竹 力
855,6,系,ノ 糸 幺 小
856,6,敬,口 勹 攵 ⺾
857,6,警,言 口 勹 夂 ⺾ 攵
858,6,劇,刂 卜 匕 厂 虍 豕
859,6,激,氵 白 方 攵
860,6,穴,穴 ハ 宀
861,6,絹,月 口 糸 幺 小
862,6,権,矢 木 隹
863,6,憲,心 土 罒 亠 宀
864,6,厳,耳 ⺌ 厂 攵
865,6,源,氵 小 白 厂
866,6,己,已
867,6,呼,ノ 口 并 亅
868,6,誤,言 口 ハ
869,6,后,ノ 一 斤 口 亅 厂
870,6,孝,子 ⺹
871,6,皇,王 白
872,6,紅,工 糸 幺 小
873,6,降,夂 ⻖ 十
874,6,鋼,金 并 冂 山 岡
875,6,刻,刂 亠
876,6,穀,禾 士 冖 殳 几 又
877,6,骨,月 冖 冂 骨
878,6,困,木 囗
879,6,砂,ノ 口 小 石
880,6,座,｜ 土 人 广
881,6,済,｜ ノ 氵 文 廾 斉
882,6,裁,土 亠 厶 戈 衣
883,6,策,｜ 巾 竹 ハ 木 亅 冂
884,6,冊,｜ 一 亅 冂 廾 冊
885,6,蚕,一 大 虫
886,6,至,一 至 土 厶
887,6,私,禾 厶
888,6,姿,欠 女 冫
889,6,誌,言 士 心
890,6,視,見 礻
891,6,詞,言 口 亅 一
892,6,磁,一 口 石 并 幺
893,6,射,身 寸
894,6,捨,口 土 𠆢 扌
895,6,尺,尸 丶
896,6,若,ノ 一 口 ⺾
897,6,樹,口 寸 土 豆 并 木
898,6,収,｜ 又
899,6,宗,示 二 小 宀
900,6,就,口 小 丶 亠 尤 尢
901,6,衆,血 皿
902,6,従,并 疋 彳
903,6,縦,糸 幺 小 并 疋 彳
904,6,縮,⺅ 糸 幺 小 白 宀
905,6,熟,丶 九 口 子 亠 灬
906,6,純,糸 幺 小 屯
907,6,処,几 夂 攵
908,6,署,日 罒 ⺹
909,6,諸,言 日 ⺹
910,6,除,禾 𠆢 ⻖
911,6,将,寸 爪 爿
912,6,傷,ノ ⺅ 日 勿
913,6,障,音 十 日 立 ⻖
914,6,城,ノ 土 戈
915,6,蒸,ノ 一 亅 灬 ⺾
916,6,仁,⺅ 二
917,6,針,金 十
918,6,垂,｜ ノ 一
919,6,推,扌 隹
920,6,寸,寸
921,6,盛,ノ 皿 戈
922,6,聖,王 口 耳
923,6,誠,ノ 言 戈
924,6,宣,一 日 宀
925,6,専,十 寸 田
926,6,泉,水 白
927,6,洗,ノ 氵 土 儿
928,6,染,九 氵 木
929,6,善,王 口 并 羊
930,6,奏,一 禾 大 二 人
931,6,窓,穴 心 儿 厶 宀
932,6,創,刂 口 𠆢
933,6,装,衣 士 爿
934,6,層,田 日 并 尸
935,6,操,口 木 扌 品
936,6,蔵,ノ 臣 戈 ⺾
937,6,臓,ノ 月 臣 戈 ⺾
938,6,存,｜ ノ 一 子
939,6,尊,寸 酉 并
940,6,宅,ノ 一 乙 宀
941,6,担,一 日 扌
942,6,誕,ノ 言 止 廴
943,6,段,｜ 殳 几 又
944,6,探,木 儿 冖 扌
945,6,暖,ノ 一 爪 日 又
946,6,値,⺅ 十 目 ｜ 一
947,6,宙,｜ 日 宀 田
948,6,忠,｜ 口 心
949,6,著,日 ⺹ ⺾
950,6,庁,一 亅 广
951,6,頂,一 貝 目 ハ 頁 亅
952,6,潮,月 十 氵 日
953,6,賃,王 ⺅ 貝 目 ハ
954,6,痛,用 疒 マ
955,6,展,｜ 衣 一 二 尸
956,6,討,言 寸
957,6,党,口 ⺌ 儿 冖
958,6,糖,口 米 广
959,6,届,｜ 日 尸 田
960,6,難,⺾ 隹 大 口 亠
961,6,乳,乙 子 爪
962,6,認,言 心 刀 丶
963,6,納,糸 幺 小 人 冂
964,6,脳,月 ⺌ 凵
965,6,派,斤 氵 厂
966,6,拝,｜ 一 干 扌
967,6,俳,⺅ 非
968,6,背,月 匕 爿
969,6,肺,巾 月 亠
970,6,班,王 土 厂
971,6,晩,免 日 儿
972,6,否,ノ 一 口 ｜ 丶
973,6,批,比 扌
974,6,秘,ノ 禾 心 丶
975,6,腹,月 日 夂
976,6,奮,大 田 隹
977,6,並,｜ 一 二 并
978,6,陛,土 比 ⻖
979,6,閉,ノ 一 門 亅
980,6,片,片
981,6,補,十 衤 用 丶
982,6,暮,大 日 ⺾
983,6,宝,王 宀 丶
984,6,訪,言 方
985,6,亡,亡 亠
986,6,忘,心 亡 亠
987,6,棒,｜ 一 人 木 二 大
988,6,枚,木 攵
989,6,幕,巾 大 日 ⺾
990,6,密,ノ 山 心 丶 宀
991,6,盟,月 皿 日
992,6,模,大 日 木 ⺾
993,6,訳,言 尸 丶
994,6,優,一 ⺅ 心 白 冖 夂 自
995,6,幼,力 幺
996,6,郵,｜ ノ 一 ⻏
997,6,欲,欠 口 谷 ハ 𠆢
998,6,翌,羽 立 冫
999,6,乱,乙 口 舌
1000,6,卵,ノ 卜 丶 卩
1001,6,覧,ノ 見 臣 二
1002,6,裏,衣 里 亠
1003,6,律,彳 聿
1004,6,臨,ノ 口 臣 品
1005,6,朗,月 艮
1006,6,論,｜ 一 言 𠆢 冊
1007,S,亜,｜ 一 口
1008,S,哀,衣 口 亠
1009,S,挨,矢 厶 扌
1010,S,曖,心 爪 日 冖 夂
1011,S,握,至 土 厶 尸 扌
1012,S,扱,扌 及
1013,S,宛,夕 卩 宀
1014,S,嵐,山 風
1015,S,依,衣 ⺅ 亠
1016,S,威,ノ 女 戈 厂
1017,S,為,ノ 灬
1018,S,畏,衣 一 田
1019,S,尉,示 二 小 寸 尸
1020,S,萎,禾 女 ⺾
1021,S,偉,⺅ 口 韋
1022,S,椅,口 大 木 一 亅
1023,S,彙,ヨ 田 木 冖 彑
1024,S,違,口 辶 韋
1025,S,維,糸 幺 小 隹
1026,S,慰,示 二 小 心 寸 尸
1027,S,緯,口 糸 幺 小 韋
1028,S,壱,士 冖 匕
1029,S,逸,ノ 辶 免 儿 勹
1030,S,茨,欠 冫 ⺾
1031,S,芋,一 ⺾ 干
1032,S,咽,口 大 囗
1033,S,姻,女 大 囗
1034,S,淫,ノ 士 氵 爪 王
1035,S,陰,二 𠆢 厶 ⻖
1036,S,隠,ノ ヨ ⺌ 心 ⻖
1037,S,韻,音 貝 目 ハ 口 日 立
1038,S,唄,貝 目 ハ 口
1039,S,鬱,缶 木 冖 凵 匕 彡
1040,S,畝,田 亠 久
1041,S,浦,十 氵 用 丶
1042,S,詠,言 水 丶
1043,S,影,口 小 日 亠 彡
1044,S,鋭,金 口 并 𠆢 儿
1045,S,疫,殳 疒 几 又
1046,S,悦,口 并 忄 儿
1047,S,越,走 土 戈
1048,S,謁,言 日 勹 匕
1049,S,閲,口 并 門 儿
1050,S,炎,火
1051,S,怨,心 夕 卩
1052,S,宴,女 日 宀
1053,S,媛,ノ 女 爪 又
1054,S,援,ノ 一 爪 又 扌
1055,S,煙,火 西 土
1056,S,猿,衣 口 土 犭
1057,S,鉛,金 口 并 ハ
1058,S,縁,ヨ 糸 幺 小 豕
1059,S,艶,｜ 口 色 豆 日 并 勹
1060,S,汚,一 氵
1061,S,凹,凵
1062,S,押,｜ 日 扌 田
1063,S,旺,王 日
1064,S,欧,欠 匚 ノ 丶
1065,S,殴,ノ 丶 匚 殳 几 又
1066,S,翁,羽 ハ 冫 厶
1067,S,奥,大 米 冂
1068,S,岡,并 冂 一 山 岡
1069,S,憶,音 心 日 忄 立
1070,S,臆,音 月 心 日 立
1071,S,虞,口 ハ 卜 匕 厂 虍
1072,S,乙,乙
1073,S,俺,乙 ⺅ 大 奄
1074,S,卸,ノ 止 卩
1075,S,穏,ヨ 禾 心 爪
1076,S,佳,⺅ 土
1077,S,苛,一 口 亅 ⺾
1078,S,架,口 木 力
1079,S,華,｜ 一 ⺾
1080,S,菓,田 木 ⺾
1081,S,渦,｜ 口 氵 冂
1082,S,嫁,女 宀 豕
1083,S,暇,日 又
1084,S,禍,口 礻 冂
1085,S,靴,⺅ 革 匕
1086,S,寡,一 自 刀 ハ 宀
1087,S,箇,口 十 竹 囗
1088,S,稼,禾 宀 豕
1089,S,蚊,虫 文
1090,S,牙,牙
1091,S,瓦,瓦 一
1092,S,雅,牙 隹
1093,S,餓,食 亅 戈 手
1094,S,介,ハ 𠆢
1095,S,戒,廾 戈
1096,S,怪,土 忄 又
1097,S,拐,口 刀 扌
1098,S,悔,母 忄 毋
1099,S,皆,白 比
1100,S,塊,鬼 田 土 儿 匕 厶
1101,S,楷,白 比 木
1102,S,潰,貝 目 ハ 氵 十 口
1103,S,壊,衣 十 土 罒
1104,S,懐,衣 十 罒 忄
1105,S,諧,言 白 比
1106,S,劾,人 力 亠
1107,S,崖,山 土 厂
1108,S,涯,氵 土 厂
1109,S,慨,牙 艮 忄
1110,S,蓋,皿 土 厶 ⺾
1111,S,該,言 人 亠
1112,S,概,牙 艮 木
1113,S,骸,月 骨 人 亠 冂 冖
1114,S,垣,一 土 日
1115,S,柿,｜ 巾 木 亠 冂
1116,S,核,人 木 亠
1117,S,殻,士 冖 殳 几 又
1118,S,郭,口 ⻏ 亅 亠 子
1119,S,較,車 父 亠
1120,S,隔,一 口 儿 冂 ⻖ 鬲
1121,S,獲,犭 又 ⺾ 隹
1122,S,嚇,口 赤 土
1123,S,穫,禾 又 ⺾ 隹
1124,S,岳,山 斤 一
1125,S,顎,貝 目 ハ 口 頁 二 勹
1126,S,掛,土 卜 扌
1127,S,潟,臼 氵 勹 灬
1128,S,括,ノ 口 十 舌 扌
1129,S,喝,口 日 勹 匕
1130,S,渇,氵 日 勹 匕
1131,S,葛,日 勹 匕 ⺾
1132,S,滑,月 骨 氵 冂 冖
1133,S,褐,衤 日 勹 匕
1134,S,轄,口 車 土 亠 宀
1135,S,且,一 目
1136,S,釜,一 干 并 父 王 丶 ノ 金
1137,S,鎌,金 王 丶 ノ ヨ 并 ハ
1138,S,刈,刂
1139,S,甘,甘
1140,S,汗,干 氵
1141,S,缶,缶 凵 山
1142,S,肝,干 月
1143,S,冠,寸 儿 冖
1144,S,陥,｜ 日 勹 ⻖
1145,S,乾,乙 十 日
1146,S,勘,力 匚 甘 儿
1147,S,患,｜ 口 心
1148,S,貫,貝 目 ハ 母 毋
1149,S,喚,口 大 儿 冂 勹
1150,S,堪,土 儿 匚 甘
1151,S,換,大 儿 冂 勹 扌
1152,S,敢,耳 攵
1153,S,棺,口 木 宀
1154,S,款,欠 士 示 二 小
1155,S,閑,木 門
1156,S,勧,ノ 力 隹 矢
1157,S,寛,見 宀 ⺾
1158,S,歓,欠 隹 矢
1159,S,監,皿 臣 二
1160,S,緩,糸 幺 小 爪 一 ノ 又
1161,S,憾,ノ 口 心 忄 戈
1162,S,還,衣 口 辶 罒 一
1163,S,環,衣 王 口 罒 一
1164,S,韓,十 日 韋 口
1165,S,艦,皿 舟 臣 二
1166,S,鑑,金 皿 臣 二
1167,S,含,口 𠆢
1168,S,玩,王 儿 二 元
1169,S,頑,貝 目 ハ 頁 儿 二 元
1170,S,企,止 𠆢
1171,S,伎,⺅ 支 又 十
1172,S,岐,山 支 又 十
1173,S,忌,心 已
1174,S,奇,一 口 大 亅
1175,S,祈,斤 礻
1176,S,軌,車 九
1177,S,既,牙 艮
1178,S,飢,食 几
1179,S,鬼,鬼 田 儿 匕 厶
1180,S,亀,亀 田 勹 乙
1181,S,幾,ノ 幺 戈 丶
1182,S,棋,甘 ハ 木
1183,S,棄,一 木 亠 凵 厶
1184,S,毀,臼 土 殳 几 又
1185,S,畿,田 幺 戈 丶 ノ
1186,S,輝,車 ⺌ 儿 冖
1187,S,騎,口 大 馬 亅 一
1188,S,宜,一 目 宀
1189,S,偽,⺅ 丶 灬
1190,S,欺,甘 欠 ハ
1191,S,儀,一 王 ⺅ 并 羊 亅 戈 手
1192,S,戯,卜 匕 厂 戈 虍
1193,S,擬,疋 矢 匕 扌 マ
1194,S,犠,一 王 牛 并 羊 亅 戈 手
1195,S,菊,米 勹 ⺾
1196,S,吉,口 士
1197,S,喫,口 大 土 刀 亠
1198,S,詰,言 口 士
1199,S,却,土 卩 厶
1200,S,脚,月 土 卩 厶
1201,S,虐,卜 匕 匚 厂 虍
1202,S,及,丶 及 乃
1203,S,丘,一 斤
1204,S,朽,一 木 勹
1205,S,臼,臼
1206,S,糾,｜ 糸 幺 小 十
1207,S,嗅,口 自 大
1208,S,窮,弓 穴 身 儿 宀
1209,S,巨,匚 巨
1210,S,拒,匚 扌 巨
1211,S,拠,几 夂 扌
1212,S,虚,一 卜 匕 厂 虍
1213,S,距,口 足 匚 巨
1214,S,御,ノ 止 卩 彳
1215,S,凶,凵 丶 ノ
1216,S,叫,｜ 口 十
1217,S,狂,王 犭
1218,S,享,口 子 亠
1219,S,況,口 氵 儿
1220,S,峡,山 人 大 二 并 亠
1221,S,挟,人 大 二 并 丶 亠 扌
1222,S,狭,人 大 二 并 犭 丶 亠
1223,S,恐,工 心 丶 几
1224,S,恭,心 ハ 井
1225,S,脅,月 力
1226,S,矯,ノ 口 矢 冂 大
1227,S,響,音 艮 日 ⻏ 立 幺
1228,S,驚,口 馬 勹 夂 ⺾ 攵
1229,S,仰,⺅ 卩
1230,S,暁,十 日 儿 廾
1231,S,凝,矢 冫 匕 マ 疋
1232,S,巾,巾 冂 ｜
1233,S,斤,斤
1234,S,菌,禾 囗 ⺾
1235,S,琴,王 𠆢
1236,S,僅,⺅ 土 ⺾ 口
1237,S,緊,糸 幺 小 臣 又
1238,S,錦,巾 金 白
1239,S,謹,言 土 ⺾ 口
1240,S,襟,示 二 小 衤 木
1241,S,吟,口 𠆢
1242,S,駆,馬 匚 丶 ノ
1243,S,惧,ハ 忄 目
1244,S,愚,心 田 冂 厶 禸
1245,S,偶,⺅ 田 冂 厶 禸
1246,S,遇,辶 田 冂 厶 禸
1247,S,隅,田 日 冂 厶 禸 ⻖
1248,S,串,｜ 口
1249,S,屈,｜ 山 尸
1250,S,掘,｜ 山 尸 扌
1251,S,窟,｜ 穴 山 儿 宀 尸
1252,S,熊,月 匕 厶 灬
1253,S,繰,口 糸 幺 小 木 品
1254,S,勲,｜ 力 灬 日 一 ノ 田
1255,S,薫,｜ 灬 ⺾ 日 ノ 一
1256,S,刑,刂 廾 ノ
1257,S,茎,土 又 ⺾
1258,S,契,大 土 刀 亠
1259,S,恵,一 心 田
1260,S,啓,戸 口 攵 一 尸
1261,S,掲,日 勹 匕 扌
1262,S,渓,氵 人 爪 土
1263,S,蛍,⺌ 虫 冖
1264,S,傾,⺅ 貝 目 ハ 頁 匕
1265,S,携,ノ 扌 隹 乃
1266,S,継,｜ 糸 幺 小 米
1267,S,詣,言 日 匕
1268,S,慶,心 冖 夂 广
1269,S,憬,口 小 日 忄 亠
1270,S,稽,禾 日 匕 尤
1271,S,憩,口 自 心 舌
1272,S,鶏,人 爪 土 大 鳥
1273,S,迎,辶 卩
1274,S,鯨,魚 口 小 田 亠 灬
1275,S,隙,小 日 ⻖
1276,S,撃,車 手 殳 几 又
1277,S,桁,行 木 彳
1278,S,傑,⺅ 舛 木 夕
1279,S,肩,月 戸 一 尸
1280,S,倹,⺅ 口 人 𠆢
1281,S,兼,｜ ヨ 一 ハ 并
1282,S,剣,刂 口 人 𠆢
1283,S,拳,一 手 并 大
1284,S,軒,干 車
1285,S,圏,一 人 大 二 并 囗 已
1286,S,堅,臣 土 又
1287,S,嫌,｜ ヨ 女 ハ 并
1288,S,献,干 犬 十 并 冂
1289,S,遣,｜ 一 口 辶
1290,S,賢,貝 目 ハ 臣 又
1291,S,謙,｜ ヨ 言 ハ 并
1292,S,鍵,金 廴 聿
1293,S,繭,糸 幺 小 虫 風 冂 ⺾
1294,S,顕,貝 目 ハ 日 頁
1295,S,懸,ノ 糸 幺 小 心 目
1296,S,幻,幺
1297,S,玄,玄 亠 幺
1298,S,弦,弓 玄 亠 幺
1299,S,舷,玄 舟 亠 幺
1300,S,股,月 殳 几 又
1301,S,虎,卜 儿 匕 厂 虍
1302,S,孤,瓜 子
1303,S,弧,瓜 弓
1304,S,枯,口 十 木
1305,S,雇,戸 隹 一 尸
1306,S,誇,言 大 二 勹
1307,S,鼓,口 士 支 豆 并 又 十 鼓
1308,S,錮,金 口 十 囗
1309,S,顧,貝 目 ハ 戸 頁 隹 一 尸
1310,S,互,ヨ 一 彑
1311,S,呉,口 ハ
1312,S,娯,口 女 ハ
1313,S,悟,一 口 忄 五
1314,S,碁,｜ 一 口 石 二 ハ
1315,S,勾,勹 厶
1316,S,孔,乙 子
1317,S,巧,工 一 勹
1318,S,甲,｜ 日 田
1319,S,江,工 氵
1320,S,坑,土 亠 几
1321,S,抗,亠 几 扌
1322,S,攻,工 攵
1323,S,更,ノ 一 日
1324,S,拘,口 勹 扌
1325,S,肯,月 止
1326,S,侯,⺅ 矢
1327,S,恒,一 日 忄
1328,S,洪,｜ 一 氵 二 ハ
1329,S,荒,川 ⺾ 亡
1330,S,郊,父 ⻏ 亠
1331,S,香,禾 香 日
1332,S,貢,貝 目 ハ 工
1333,S,控,穴 工 儿 宀 扌
1334,S,梗,ノ 一 日 木
1335,S,喉,⺅ 口 矢
1336,S,慌,川 忄 ⺾ 亡
1337,S,硬,ノ 一 口 石 日
1338,S,絞,糸 幺 小 父 亠
1339,S,項,貝 目 ハ 工 頁
1340,S,溝,氵 冂 一 十
1341,S,綱,糸 幺 小 并 冂 山 一 岡
1342,S,酵,子 酉 ⺹
1343,S,稿,禾 口 高 亠 冂
1344,S,衡,行 大 田 彳 勹
1345,S,購,｜ 一 貝 目 ハ 冂 十
1346,S,乞,ノ 一 乙
1347,S,拷,⺹ 扌
1348,S,剛,刂 并 冂 岡 山
1349,S,傲,⺅ 土 方 攵
1350,S,豪,口 亠 冖 豕
1351,S,克,口 十 儿
1352,S,酷,ノ 口 土 酉
1353,S,獄,言 犭 犬
1354,S,駒,口 馬 勹
1355,S,込,辶 入
1356,S,頃,貝 目 ハ 頁 匕
1357,S,昆,日 比
1358,S,恨,艮 忄
1359,S,婚,氏 女 日
1360,S,痕,艮 疒
1361,S,紺,甘 糸 幺 小
1362,S,魂,鬼 田 二 儿 匕 厶
1363,S,墾,艮 爪 土 犭 豸
1364,S,懇,艮 心 爪 犭 豸
1365,S,佐,ノ 一 ⺅ 工
1366,S,沙,ノ 氵 小
1367,S,唆,口 儿 厶 夂
1368,S,詐,｜ ノ 言
1369,S,鎖,貝 目 ハ 金 ⺌
1370,S,挫,｜ 土 人 扌
1371,S,采,爪 木
1372,S,砕,ノ 口 十 石 九
1373,S,宰,十 辛 立 宀
1374,S,栽,土 木 戈
1375,S,彩,爪 木 彡
1376,S,斎,｜ ノ 文 廾 斉 示 二 小
1377,S,債,⺅ 貝 目 ハ 土 亠
1378,S,催,⺅ 山 隹
1379,S,塞,一 土 ハ 宀
1380,S,歳,ノ 止 小 戈
1381,S,載,車 土 戈
1382,S,埼,口 大 土 ｜ 一
1383,S,剤,｜ ノ 刂 文 廾 斉
1384,S,崎,口 山 大 ｜ 一
1385,S,削,刂 月 ⺌
1386,S,柵,｜ 一 木 亅 冂 冊
1387,S,索,糸 幺 小 十 冖
1388,S,酢,｜ ノ 酉
1389,S,搾,｜ ノ 穴 儿 宀 扌
1390,S,錯,｜ 金 日
1391,S,咲,口 人 大 二 并
1392,S,刹,刂 木
1393,S,拶,巛 夕 扌
1394,S,撮,耳 日 又 扌
1395,S,擦,ノ 示 二 小 宀 扌 癶
1396,S,桟,ノ 毛 木 丶
1397,S,惨,一 忄 厶 彡
1398,S,傘,十 人 𠆢
1399,S,斬,斤 車
1400,S,暫,斤 車 日
1401,S,旨,日 匕
1402,S,伺,⺅ 口 亅 一
1403,S,刺,｜ 刂 巾 ハ 木 亅 冂
1404,S,祉,止 礻
1405,S,肢,月 支 十 又
1406,S,施,ノ 方 一 也
1407,S,恣,欠 心 冫
1408,S,脂,月 日 匕
1409,S,紫,止 糸 幺 小 匕
1410,S,嗣,｜ 一 口 亅 冂
1411,S,雌,止 匕 隹
1412,S,摯,ノ 九 手 十 辛 立 丶
1413,S,賜,勿 貝 目 ハ 日
1414,S,諮,欠 言 口 冫
1415,S,侍,⺅ 寸 土
1416,S,滋,一 氵 并 幺
1417,S,慈,一 心 并 幺
1418,S,餌,艮 耳 食
1419,S,璽,｜ 一 王 ハ 冂 爻
1420,S,鹿,鹿 比 广
1421,S,軸,｜ 車 日 田
1422,S,𠮟,匕 口
1424,S,疾,矢 疒
1425,S,執,ノ 九 十 辛 土 立 丶 亠
1426,S,湿,｜ 氵 日
1427,S,嫉,女 矢 疒
1428,S,漆,氵 水 木 𠆢
1429,S,芝,亠 ⺾
1430,S,赦,赤 土 攵
1431,S,斜,禾 斗 𠆢
1432,S,煮,日 ⺹ 灬
1433,S,遮,一 辶 广 灬
1434,S,邪,牙 ⻏
1435,S,蛇,虫 匕 宀
1436,S,酌,酉 丶 勹
1437,S,釈,釆 米 尸 丶
1438,S,爵,艮 寸 爪 罒
1439,S,寂,小 卜 又 宀
1440,S,朱,｜ ノ 牛 二 ハ 木
1441,S,狩,寸 犭 宀
1442,S,殊,｜ ノ 牛 二 ハ 木 歹
1443,S,珠,｜ ノ 王 牛 二 ハ 木
1444,S,腫,｜ 月 日 里
1445,S,趣,耳 走 土 又
1446,S,寿,ノ 一 寸 二
1447,S,呪,口 儿
1448,S,需,雨 而
1449,S,儒,雨 ⺅ 而
1450,S,囚,人 囗
1451,S,舟,舟
1452,S,秀,乃 禾
1453,S,臭,自 大
1454,S,袖,｜ 一 衤 田
1455,S,羞,ノ ヨ 王 并 羊
1456,S,愁,火 禾 心
1457,S,酬,｜ 川 酉 丶
1458,S,醜,鬼 田 酉 儿 匕
1459,S,蹴,ノ 乙 口 小 足 丶 亠 尤 尢
1460,S,襲,衣 月 立
1461,S,汁,十 氵
1462,S,充,亠 儿 厶
1463,S,柔,矛 木 マ
1464,S,渋,止 氵 冫
1465,S,銃,金 亠 儿 厶
1466,S,獣,犬 口 ⺌ 田
1467,S,叔,小 卜 又
1468,S,淑,氵 小 卜 又
1469,S,粛,｜ ノ ヨ 米 隶
1470,S,塾,丶 九 口 子 土 亠
1471,S,俊,⺅ 儿 厶 夂
1472,S,瞬,牛 舛 爪 目 夕 冖
1473,S,旬,日 勹
1474,S,巡,辶 巛
1475,S,盾,斤 十 目 厂
1476,S,准,冫 隹
1477,S,殉,日 勹 歹
1478,S,循,斤 十 目 厂 彳
1479,S,潤,王 氵 門
1480,S,遵,辶 寸 酉 并
1481,S,庶,广 灬
1482,S,緒,糸 幺 小 日 ⺹
1483,S,如,口 女
1484,S,叙,禾 又 𠆢
1485,S,徐,禾 𠆢 彳
1486,S,升,ノ 廾 十
1487,S,召,口 刀
1488,S,匠,斤 匚
1489,S,床,木 广
1490,S,抄,ノ 小 扌
1491,S,肖,月 ⺌
1492,S,尚,口 ⺌ 冂
1493,S,昇,ノ 日 廾 十
1494,S,沼,口 氵 刀
1495,S,宵,月 ⺌ 宀
1496,S,症,一 止 疒
1497,S,祥,王 并 羊 礻
1498,S,称,ノ 禾 小 一
1499,S,渉,ノ 止 氵 小
1500,S,紹,口 糸 幺 小 刀
1501,S,訟,言 ハ 厶
1502,S,掌,口 手 ⺌ 冖
1503,S,晶,日
1504,S,焦,灬 隹
1505,S,硝,月 口 ⺌ 石
1506,S,粧,土 米 广
1507,S,詔,言 口 刀
1508,S,奨,寸 大 爪 爿
1509,S,詳,王 言 并 羊
1510,S,彰,音 十 日 立 彡
1511,S,憧,忄 里 立
1512,S,衝,｜ 行 日 彳 里
1513,S,償,⺅ 貝 目 ハ 口 ⺌ 冖
1514,S,礁,口 石 灬 隹
1515,S,鐘,金 里 立
1516,S,丈,ノ 一 丶
1517,S,冗,冖 几
1518,S,浄,氵 亅 勹 ヨ
1519,S,剰,｜ ノ 一 刂
1520,S,畳,一 田 冖
1521,S,縄,亀 糸 幺 小 田 乙 勹
1522,S,壌,衣 土 ハ 亠
1523,S,嬢,衣 女 ハ 亠
1524,S,錠,金 疋 宀
1525,S,譲,衣 言 ハ 亠
1526,S,醸,衣 酉 ハ 亠
1527,S,拭,工 弋 扌
1528,S,殖,十 目 歹
1529,S,飾,ノ 巾 食
1530,S,触,角 虫
1531,S,嘱,口 尸 禸
1532,S,辱,衣 寸 辰 厂
1533,S,尻,九 尸
1534,S,伸,｜ ⺅ 日 田
1535,S,芯,心 ⺾
1536,S,辛,十 辛 立
1537,S,侵,ヨ ⺅ 又 冖
1538,S,津,氵 聿
1539,S,唇,衣 口 辰 厂
1540,S,娠,衣 女 辰 厂
1541,S,振,衣 辰 厂 扌
1542,S,浸,ヨ 氵 又 冖
1543,S,紳,｜ 糸 幺 小 日 田
1544,S,診,言 𠆢 彡
1545,S,寝,ヨ 又 冖 宀 爿
1546,S,慎,一 十 ハ 忄 目
1547,S,審,田 釆 米 宀
1548,S,震,衣 雨 辰 厂
1549,S,薪,斤 十 辛 并 木 立 ⺾ 亠
1550,S,刃,刀 丶
1551,S,尽,尸 丶
1552,S,迅,辶 十
1553,S,甚,一 甘 儿
1554,S,陣,車 ⻖
1555,S,尋,ヨ 口 工 寸
1556,S,腎,月 臣 又
1557,S,須,貝 目 ハ 頁 彡
1558,S,吹,欠 口
1559,S,炊,火 欠
1560,S,帥,｜ 巾 口
1561,S,粋,九 十 米
1562,S,衰,衣 一 亠
1563,S,酔,九 十 酉
1564,S,遂,辶 并 豕
1565,S,睡,｜ ノ 一 目
1566,S,穂,禾 十 心 田
1567,S,随,ノ 一 月 辶 ⻖
1568,S,髄,ノ 一 月 辶 冖 骨
1569,S,枢,木 匚
1570,S,崇,山 示 二 小 宀
1571,S,据,口 十 尸 扌
1572,S,杉,木 彡
1573,S,裾,口 十 衤 尸
1574,S,瀬,｜ 貝 目 ハ 氵 頁
1575,S,是,日 疋
1576,S,井,｜ ノ 一 二 井
1577,S,姓,女 生
1578,S,征,一 止 彳
1579,S,斉,｜ ノ 文 廾 斉
1580,S,牲,牛 生
1581,S,凄,女 冫 ヨ 十
1582,S,逝,斤 辶 扌
1583,S,婿,月 女 疋
1584,S,誓,斤 言 扌
1585,S,請,月 言 青 土 二 亠
1586,S,醒,生 酉 日
1587,S,斥,斤 丶
1588,S,析,斤 木
1589,S,脊,月 𠆢 癶 二
1590,S,隻,又 隹
1591,S,惜,｜ 一 二 日 忄
1592,S,戚,ノ 小 卜 戈
1593,S,跡,口 止 赤 足 亠
1594,S,籍,｜ 一 竹 土 日 ハ 木 亠 耒
1595,S,拙,｜ 山 扌
1596,S,窃,穴 刀 儿 匕 宀
1597,S,摂,耳 冫 扌
1598,S,仙,⺅ 山
1599,S,占,口 卜
1600,S,扇,羽 戸 冫 一 尸
1601,S,栓,王 木 𠆢
1602,S,旋,疋 方
1603,S,煎,一 刂 月 并 灬
1604,S,羨,王 欠 氵 并 羊
1605,S,腺,月 水 白
1606,S,詮,王 言 𠆢 ハ
1607,S,践,ノ 口 足 毛 丶
1608,S,箋,竹 戈
1609,S,潜,氵 人 土 日
1610,S,遷,辶 西 大 已
1611,S,薦,广 灬 ⺾
1612,S,繊,糸 幺 小 土 戈 赤
1613,S,鮮,王 魚 田 并 羊 灬
1614,S,禅,十 ⺌ 田 礻
1615,S,漸,斤 車 氵
1616,S,膳,王 月 口 并 羊
1617,S,繕,王 口 糸 幺 小 并 羊
1618,S,狙,一 犭 目
1619,S,阻,一 目 ⻖
1620,S,租,一 禾 目
1621,S,措,｜ 一 二 日 扌
1622,S,粗,一 米 目
1623,S,疎,｜ 一 口 止 木
1624,S,訴,斤 言 丶
1625,S,塑,月 土 并 屮
1626,S,遡,月 辶 并 屮
1627,S,礎,口 石 疋 木
1628,S,双,又 丶
1629,S,壮,士 爿
1630,S,荘,士 爿 ⺾
1631,S,捜,｜ 日 又 扌 田
1632,S,挿,｜ ノ 十 日 扌 田
1633,S,桑,又 木
1634,S,掃,ヨ 巾 冖 扌
1635,S,曹,｜ 一 日
1636,S,曽,田 日 并
1637,S,爽,一 人 亠
1638,S,喪,｜ 衣 一 口
1639,S,痩,又 疒
1640,S,葬,一 夕 匕 廾 ⺾
1641,S,僧,⺅ 田 日 并
1642,S,遭,｜ 一 辶 日
1643,S,槽,｜ 一 日 木
1644,S,踪,口 示 二 小 足 宀
1645,S,燥,火 口 木 品
1646,S,霜,雨 木 目
1647,S,騒,虫 馬 又
1648,S,藻,口 氵 木 ⺾ 品
1649,S,憎,田 日 并 忄
1650,S,贈,貝 目 ハ 田 日 并
1651,S,即,艮 卩
1652,S,促,⺅ 口 足
1653,S,捉,口 足 扌
1654,S,俗,⺅ 口 谷 ハ 𠆢
1655,S,賊,貝 目 ハ 十 戈
1656,S,遜,ノ 辶 子 糸 幺 小
1657,S,汰,氵 大 丶
1658,S,妥,女 爪
1659,S,唾,｜ ノ 一 口
1660,S,堕,ノ 一 月 土 ⻖
1661,S,惰,ノ 一 月 工 忄
1662,S,駄,大 馬 丶
1663,S,耐,而 寸
1664,S,怠,口 心 厶
1665,S,胎,月 口 厶
1666,S,泰,｜ 一 水 二 人
1667,S,堆,土 隹
1668,S,袋,衣 ⺅ 弋
1669,S,逮,ヨ 辶 水 隶
1670,S,替,人 大 二 日 亠
1671,S,滞,巾 氵 冖
1672,S,戴,｜ 一 田 土 二 ハ 戈
1673,S,滝,氵 田 立 竜
1674,S,択,尸 扌
1675,S,沢,氵 尸
1676,S,卓,十 日 卜
1677,S,拓,口 石 扌
1678,S,託,ノ 一 乙 言
1679,S,濯,ヨ 氵 隹
1680,S,諾,ノ 一 言 口 ⺾
1681,S,濁,氵 虫 罒 勹
1682,S,但,一 ⺅ 日
1683,S,脱,月 口 并 儿
1684,S,奪,寸 大 隹
1685,S,棚,月 木
1686,S,誰,言 隹
1687,S,丹,ノ 一 丶 亅
1688,S,旦,一 日
1689,S,胆,一 月 日
1690,S,淡,火 氵
1691,S,嘆,ノ 一 口 ⺾
1692,S,端,山 而 立
1693,S,綻,糸 幺 小 疋 宀
1694,S,鍛,金 殳 几 又
1695,S,弾,弓 十 ⺌ 田
1696,S,壇,一 口 土 日 亠 囗
1697,S,恥,耳 心
1698,S,致,至 土 厶 攵
1699,S,遅,王 辶 并 羊 尸
1700,S,痴,口 矢 疒
1701,S,稚,禾 隹
1702,S,緻,糸 幺 小 至 土 厶 攵 一
1703,S,畜,玄 田 亠 幺
1704,S,逐,辶 豕
1705,S,蓄,玄 田 亠 幺 ⺾
1706,S,秩,ノ 禾 人 土 大
1707,S,窒,一 穴 至 土 儿 厶 宀
1708,S,嫡,口 十 女 并 立 亠 冂 滴
1709,S,沖,｜ 氵 口
1710,S,抽,｜ 日 扌 田
1711,S,衷,衣 十 口
1712,S,酎,寸 酉
1713,S,鋳,ノ 亠 土 金 寸
1714,S,駐,王 馬 丶
1715,S,弔,｜ 弓
1716,S,挑,儿 冫 扌
1717,S,彫,口 土 冂 彡
1718,S,眺,目 儿 冫
1719,S,釣,金 丶 勹
1720,S,貼,貝 目 ハ 口 卜
1721,S,超,口 走 土 刀
1722,S,跳,口 足 儿 冫
1723,S,徴,王 山 彳 攵
1724,S,嘲,月 口 十 日
1725,S,澄,口 氵 豆 并 癶
1726,S,聴,耳 十 心 罒
1727,S,懲,王 山 心 彳 攵
1728,S,勅,｜ 一 口 木 力
1729,S,捗,ノ 止 小 扌
1730,S,沈,氵 尢
1731,S,珍,王 𠆢 彡
1732,S,朕,月 人 大 一 并
1733,S,陳,｜ 一 田 日 木 ⻖
1734,S,鎮,金 十 并 目 一 ハ
1735,S,椎,木 隹
1736,S,墜,土 并 豕 ⻖
1737,S,塚,土 冖 豕
1738,S,漬,貝 目 ハ 氵 土 亠
1739,S,坪,干 土 并
1740,S,爪,爪
1741,S,鶴,鳥 灬 隹 宀
1742,S,呈,王 口
1743,S,廷,王 廴 士
1744,S,抵,氏 扌
1745,S,邸,氏 ⻏
1746,S,亭,口 亅 亠 冖
1747,S,貞,貝 目 ハ 卜
1748,S,帝,巾 并 立 亠 冖
1749,S,訂,一 言 亅
1750,S,逓,巾 辶 厂 二 ｜
1751,S,偵,⺅ 貝 目 ハ 卜
1752,S,堤,土 日 疋
1753,S,艇,王 舟 廴
1754,S,締,巾 糸 幺 小 并 立 亠 冖
1755,S,諦,巾 言 并 立 亠 冖
1756,S,泥,氵 匕 尸
1757,S,摘,口 十 并 立 亠 冂 扌 滴
1758,S,滴,口 十 氵 并 立 亠 冂 滴
1759,S,溺,弓 氵 冫
1760,S,迭,｜ ノ 一 牛 辶 矢 大
1761,S,哲,斤 口 扌
1762,S,徹,月 亠 厶 彳 攵
1763,S,撤,月 亠 厶 扌 攵
1764,S,添,ノ 氵 心 大
1765,S,塡,ハ 匕 土 目 貝
1766,S,殿,｜ 一 二 ハ 尸 殳 几 又
1767,S,斗,斗
1768,S,吐,口 土
1769,S,妬,口 女 石
1770,S,途,辶 ハ 𠆢 亅 木
1771,S,渡,氵 又 广
1772,S,塗,氵 土 ハ 𠆢 亅 木
1773,S,賭,貝 目 ハ 日 ⺹
1774,S,奴,女 又
1775,S,怒,女 心 又
1776,S,到,刂 至 土 厶
1777,S,逃,辶 儿 冫
1778,S,倒,⺅ 刂 至 土 厶
1779,S,凍,｜ 一 日 木 冫 田
1780,S,唐,｜ ヨ 一 口 广
1781,S,桃,木 儿 冫
1782,S,透,ノ 禾 辶 乃
1783,S,悼,十 日 忄 卜
1784,S,盗,欠 皿 冫
1785,S,陶,缶 勹 ⻖
1786,S,塔,口 土 𠆢 ⺾
1787,S,搭,口 𠆢 扌 ⺾
1788,S,棟,｜ 一 日 木 田
1789,S,痘,口 豆 并 疒
1790,S,筒,口 竹 冂
1791,S,稲,｜ 禾 爪 日
1792,S,踏,口 水 足 日
1793,S,謄,｜ 一 月 言
1794,S,藤,｜ 一 月 水 ⺾
1795,S,闘,口 寸 豆 并 門
1796,S,騰,月 馬 并 一 人 大 二
1797,S,洞,口 氵 冂 一
1798,S,胴,月 口 冂 一
1799,S,瞳,目 里 立
1800,S,峠,｜ 一 山 卜
1801,S,匿,ノ 口 匚 ⺾
1802,S,督,小 卜 又 目
1803,S,篤,竹 灬 馬
1804,S,栃,斤 木 厂
1805,S,凸,｜ 一 冂 凵
1806,S,突,穴 大 儿 宀
1807,S,屯,ノ 乙 凵 屯
1808,S,豚,月 豕
1809,S,頓,貝 目 ハ 頁 屯
1810,S,貪,貝 目 ハ 𠆢
1811,S,鈍,金 屯
1812,S,曇,雨 二 日 厶
1813,S,丼,｜ ノ 二 丶 廾 井
1814,S,那,刀 ⻏ 二
1815,S,奈,示 二 小 大
1816,S,梨,禾 刂 木
1817,S,謎,言 辶 米
1818,S,鍋,金 口 冂
1819,S,軟,欠 車
1820,S,尼,匕 尸
1821,S,弐,一 弋 二
1822,S,匂,勹 匕
1823,S,虹,工 虫
1824,S,尿,水 尸
1825,S,妊,ノ 王 士 女
1826,S,忍,心 刀 丶
1827,S,寧,一 心 罒 亅 宀
1828,S,捻,｜ 一 心 𠆢 扌
1829,S,粘,口 米 卜
1830,S,悩,⺌ 忄 凵
1831,S,濃,｜ 衣 一 氵 辰 日 厂
1832,S,把,巴 扌
1833,S,覇,革 月 西
1834,S,婆,氵 女 皮 又
1835,S,罵,馬 罒
1836,S,杯,｜ ノ 一 木 礻
1837,S,排,非 扌
1838,S,廃,一 儿 广 癶
1839,S,輩,車 非
1840,S,培,口 土 立
1841,S,陪,口 立 ⻖
1842,S,媒,甘 女 木
1843,S,賠,貝 目 ハ 口 立
1844,S,伯,⺅ 白
1845,S,拍,白 扌
1846,S,泊,氵 白
1847,S,迫,辶 白
1848,S,剝,亅 冫 刂 ヨ 彑 水
1849,S,舶,舟 白
1850,S,薄,十 氵 寸 田 丶 ⺾
1851,S,漠,氵 大 日 ⺾
1852,S,縛,糸 幺 小 十 寸 田 丶
1853,S,爆,｜ 一 火 水 日 ハ 井
1854,S,箸,竹 日 ⺹
1855,S,肌,月 几
1856,S,鉢,一 金 木
1857,S,髪,夂 一 長 彡 髟
1858,S,伐,⺅ 戈
1859,S,抜,夂 亠 扌 又
1860,S,罰,刂 言 罒
1861,S,閥,⺅ 門 戈
1862,S,氾,乙 氵 卩
1863,S,帆,巾 丶 几
1864,S,汎,氵 丶 几
1865,S,伴,｜ ⺅ 二 并 十
1866,S,阪,又 厂 ⻖
1867,S,畔,｜ 田 二 并 十
1868,S,般,舟 殳 几 又
1869,S,販,貝 目 ハ 又 厂
1870,S,斑,王 文
1871,S,搬,舟 扌 殳 几 又
1872,S,煩,火 貝 目 ハ 頁
1873,S,頒,貝 目 刀 ハ 頁
1874,S,範,乙 車 竹 卩
1875,S,繁,糸 幺 小 母 攵 毋
1876,S,藩,氵 田 釆 米 ⺾
1877,S,蛮,虫 亠
1878,S,盤,皿 舟 殳 几 又
1879,S,妃,女 已
1880,S,彼,皮 又 彳
1881,S,披,皮 又 扌
1882,S,卑,十 田
1883,S,疲,皮 又 疒
1884,S,被,衤 皮 又
1885,S,扉,戸 非 一 尸
1886,S,碑,口 十 石 田
1887,S,罷,月 罒 匕 厶
1888,S,避,口 辶 十 辛 立 尸
1889,S,尾,毛 尸
1890,S,眉,目 尸 ｜
1891,S,微,山 彳 攵
1892,S,膝,月 水 木 𠆢
1893,S,肘,月 寸
1894,S,匹,儿 匚
1895,S,泌,ノ 氵 心 丶
1896,S,姫,女 臣
1897,S,漂,示 二 小 氵 西
1898,S,苗,田 ⺾
1899,S,描,田 扌 ⺾
1900,S,猫,田 犭 ⺾
1901,S,浜,斤 氵 ハ 一
1902,S,賓,ノ 貝 目 ハ 小 宀
1903,S,頻,ノ 貝 目 ハ 止 小 頁
1904,S,敏,母 攵 毋
1905,S,瓶,瓦 并
1906,S,扶,人 二 扌 大
1907,S,怖,ノ 一 巾 忄
1908,S,阜,⻖ 十
1909,S,附,⺅ 寸 ⻖
1910,S,訃,言 卜
1911,S,赴,走 土 卜
1912,S,浮,子 氵 爪
1913,S,符,⺅ 寸 竹
1914,S,普,｜ 一 二 日 并
1915,S,腐,⺅ 寸 肉 广
1916,S,敷,十 田 方 丶 攵
1917,S,膚,月 田 卜 匕 厂 虍
1918,S,賦,貝 目 ハ 止 弋
1919,S,譜,｜ 一 言 二 日 并
1920,S,侮,⺅ 母 毋
1921,S,舞,｜ ノ 一 舛 二 夕 無
1922,S,封,寸 土
1923,S,伏,⺅ 犬
1924,S,幅,一 巾 口 田
1925,S,覆,西 日 夂 彳
1926,S,払,厶 扌
1927,S,沸,｜ ノ 弓 氵
1928,S,紛,糸 幺 小 刀 ハ
1929,S,雰,雨 刀 ハ
1930,S,噴,貝 目 ハ 口 十 ⺾
1931,S,墳,貝 目 ハ 十 土 ⺾
1932,S,憤,貝 目 ハ 十 忄 ⺾
1933,S,丙,一 人 冂
1934,S,併,｜ ノ 一 ⺅ 二 并 廾
1935,S,柄,一 人 木 冂
1936,S,塀,｜ ノ 一 土 二 ハ 尸 廾
1937,S,幣,巾 并 冂 攵
1938,S,弊,｜ 巾 ⺌ 并 冂 廾 攵
1939,S,蔽,｜ 巾 ⺌ 并 冂 攵 ⺾
1940,S,餅,｜ ノ 一 食 二 并 廾
1941,S,壁,口 十 辛 土 立 尸
1942,S,璧,王 口 十 辛 立 尸
1943,S,癖,口 十 辛 立 尸 疒
1944,S,蔑,ノ 罒 戈 ⺾
1945,S,偏,｜ 一 ⺅ 戸 冂 冊 尸
1946,S,遍,｜ 一 戸 辶 冂 冊 尸
1947,S,哺,口 十 用 丶
1948,S,捕,十 用 丶 扌
1949,S,舗,口 十 土 用 𠆢 丶
1950,S,募,大 日 力 ⺾
1951,S,慕,心 大 日 ⺾
1952,S,簿,十 氵 寸 竹 田 丶
1953,S,芳,方 ⺾
1954,S,邦,ノ 二 ⻏
1955,S,奉,｜ 一 人 大 二
1956,S,抱,勹 已 扌
1957,S,泡,氵 勹 已
1958,S,胞,月 勹 已
1959,S,俸,｜ 一 ⺅ 人 大 二
1960,S,倣,⺅ 方 攵
1961,S,峰,｜ 一 山 夂
1962,S,砲,口 石 勹 已
1963,S,崩,月 山
1964,S,蜂,｜ 一 虫 夂
1965,S,飽,食 勹 已
1966,S,褒,衣 ⺅ 口 小 亠
1967,S,縫,｜ 一 辶 糸 幺 小 夂
1968,S,乏,ノ 乙 丶 亠
1969,S,忙,亡 忄 亠
1970,S,坊,土 方
1971,S,妨,女 方
1972,S,房,戸 方 一 尸
1973,S,肪,月 方
1974,S,某,甘 木
1975,S,冒,日 目
1976,S,剖,刂 口 立
1977,S,紡,糸 幺 小 方
1978,S,傍,⺅ 并 方 立 亠 冖
1979,S,帽,巾 日 目
1980,S,貌,白 儿 豸
1981,S,膨,月 口 十 土 豆 并 彡
1982,S,謀,甘 言 木
1983,S,頰,人 ハ 木 目 貝 頁
1984,S,朴,卜 木
1985,S,睦,土 目 儿
1986,S,僕,王 ⺅ 并 羊
1987,S,墨,黒 土 里 灬
1988,S,撲,王 人 并 羊 扌
1989,S,没,氵 殳 几 又
1990,S,勃,子 十 力 冖
1991,S,堀,｜ 山 土 尸
1992,S,奔,ノ 一 十 大 廾
1993,S,翻,羽 田 釆 米 冫
1994,S,凡,丶 几
1995,S,盆,皿 刀 ハ
1996,S,麻,木 广 麻
1997,S,摩,手 木 广 麻
1998,S,磨,口 石 木 广 麻
1999,S,魔,鬼 田 木 儿 匕 广 麻
2000,S,昧,｜ 二 日 ハ 木 亠
2001,S,埋,土 里
2002,S,膜,月 大 日 ⺾
2003,S,枕,ノ 乙 木 冖 尢
2004,S,又,又
2005,S,抹,｜ 一 ハ 木 亠 扌
2006,S,慢,日 罒 忄 又
2007,S,漫,氵 日 罒 又
2008,S,魅,｜ 鬼 田 二 ハ 木 亠 儿 匕
2009,S,岬,｜ 山 日 田
2010,S,蜜,ノ 心 虫 丶 宀
2011,S,妙,ノ 女 小
2012,S,眠,口 氏 目
2013,S,矛,矛 マ
2014,S,霧,雨 矛 力 夂
2015,S,娘,艮 女
2016,S,冥,日 ハ 亠 冖
2017,S,銘,金 口 夕
2018,S,滅,ノ 火 氵 戈
2019,S,免,｜ 一 勹 口 儿 免
2020,S,麺,麦 面 夂
2021,S,茂,ノ 戈 ⺾
2022,S,妄,亡 女 亠
2023,S,盲,亡 目 亠
2024,S,耗,｜ 士 ハ 毛 木 耒
2025,S,猛,皿 子 犭
2026,S,網,亡 糸 幺 小 并 冂
2027,S,黙,犬 里 灬 黒
2028,S,紋,糸 幺 小 文
2029,S,冶,口 冫 厶
2030,S,弥,ノ 弓 亅 小
2031,S,厄,卩 厂
2032,S,躍,ヨ 口 足 隹
2033,S,闇,音 日 門 立
2034,S,喩,刂 月 口 𠆢
2035,S,愉,刂 月 忄 𠆢
2036,S,諭,刂 月 言 𠆢
2037,S,癒,刂 月 心 𠆢 疒
2038,S,唯,口 隹
2039,S,幽,｜ 凵 幺
2040,S,悠,｜ ⺅ 心 夂 攵
2041,S,湧,氵 田 力 マ
2042,S,猶,酉 并 犭
2043,S,裕,口 衤 谷 ハ 𠆢
2044,S,雄,ノ 一 厶 隹
2045,S,誘,乃 禾 言
2046,S,憂,一 自 心 冖 夂 白
2047,S,融,口 虫 儿 冂 鬲
2048,S,与,勹 一 卜
2049,S,誉,一 言 ⺌ 并
2050,S,妖,ノ 女 大
2051,S,庸,ヨ 用 广 聿
2052,S,揚,一 日 扌 勿
2053,S,揺,干 爪 凵 扌
2054,S,溶,穴 口 氵 谷 ハ 𠆢 宀
2055,S,腰,月 女 西
2056,S,瘍,ノ 一 日 勹 疒
2057,S,踊,口 足 用 マ
2058,S,窯,王 穴 并 羊 儿 宀 灬
2059,S,擁,亠 扌 隹
2060,S,謡,干 言 爪 凵
2061,S,抑,卩 扌
2062,S,沃,ノ 氵 大
2063,S,翼,｜ 一 羽 田 二 ハ 冫 井
2064,S,拉,立 扌
2065,S,裸,衤 田 木
2066,S,羅,糸 幺 小 罒 隹
2067,S,雷,雨 田
2068,S,頼,｜ 貝 目 口 ハ 頁 木
2069,S,絡,口 糸 幺 小 夂
2070,S,酪,口 酉 夂
2071,S,辣,｜ 口 十 辛 木 立
2072,S,濫,ノ 皿 氵 臣 二
2073,S,藍,ノ 皿 臣 二 ⺾
2074,S,欄,｜ 一 日 木 門 田
2075,S,吏,ノ 一 口 丶
2076,S,痢,禾 刂 疒
2077,S,履,日 夂 尸 彳
2078,S,璃,王 亠 凵 禸
2079,S,離,亠 凵 禸 隹
2080,S,慄,西 忄 木
2081,S,柳,木 卩
2082,S,竜,立 竜 田 乙
2083,S,粒,米 立
2084,S,隆,生 夂 ⻖
2085,S,硫,口 石 川 亠 厶
2086,S,侶,｜ 一 ⺅ 口
2087,S,虜,田 卜 力 匕 厂 虍
2088,S,慮,心 田 卜 匕 厂 虍
2089,S,了,一 亅
2090,S,涼,口 氵 小 亠
2091,S,猟,⺌ 犭 用 几
2092,S,陵,土 儿 夂 ⻖
2093,S,僚,⺅ 小 日
2094,S,寮,小 日 并 𠆢 宀
2095,S,療,小 日 并 𠆢 疒
2096,S,瞭,小 日 并 目 𠆢
2097,S,糧,一 日 米 里
2098,S,厘,里 厂
2099,S,倫,｜ 一 ⺅ 𠆢 亅 冊
2100,S,隣,舛 米 夕 ⻖
2101,S,瑠,王 田 刀 厶
2102,S,涙,戸 氵 大 一 尸
2103,S,累,糸 幺 小 田
2104,S,塁,田 土 冫
2105,S,励,斤 力 厂
2106,S,戻,戸 大 一 尸
2107,S,鈴,金 𠆢 卩 一
2108,S,零,雨 𠆢 卩 一
2109,S,霊,｜ 一 雨 二
2110,S,隷,ヨ 士 小 水 二 隶 示 二 小
2111,S,齢,止 歯 米 𠆢 凵 卩
2112,S,麗,一 鹿 比 冂 广
2113,S,暦,日 麻 木 厂 广
2114,S,劣,ノ 小 力
2115,S,烈,刂 灬 歹
2116,S,裂,衣 刂 歹
2117,S,恋,心 ハ 亠
2118,S,廉,｜ ヨ ハ 广 并
2119,S,錬,｜ 一 金 日 木 田 并 ハ
2120,S,呂,口
2121,S,炉,火 戸 一 尸
2122,S,賂,貝 目 ハ 口 夂
2123,S,露,雨 口 足 夂
2124,S,弄,王 廾
2125,S,郎,艮 ⻏
2126,S,浪,艮 氵
2127,S,廊,艮 ⻏ 广
2128,S,楼,女 米 木
2129,S,漏,雨 氵 尸
2130,S,籠,月 竹 立
2131,S,麓,鹿 比 木 广
2132,S,賄,ノ 一 貝 目 ハ 月
2133,S,脇,月 力
2134,S,惑,口 心 戈
2135,S,枠,九 十 木
2136,S,湾,弓 氵 亠
